{"cameraMode":{"drawMode":0,"name":"Shaded","section":"Shading Mode"},"sceneLighting":true,"audioPlay":false,"sceneViewState":{"showFog":true,"showMaterialUpdate":false,"showSkybox":false,"showFlares":true,"showImageEffects":true,"showParticleSystems":true,"showVisualEffectGraphs":true,"m_FxEnabled":true},"in2DMode":false,"pivot":{"x":3.3470373153686525,"y":0.1119767427444458,"z":5.2171125411987309},"rotation":{"x":0.08426520973443985,"y":-0.9053437113761902,"z":0.3573090136051178,"w":0.21352118253707887},"size":1.1881866455078126,"orthographic":false}